Datum;Tmin;Tmit;Tmax;Sges;Rges;Tbod;RFmin;RFmit;RFmax;Wmit;WBmax
01.01.2024;6,9;7,9;9,4;-;-;-;-;-;-;-;-
02.01.2024;6,8;9,9;12,3;-;-;-;-;-;-;-;-
03.01.2024;7,5;9,9;11,9;-;-;-;-;-;-;-;-
04.01.2024;6,8;7,8;8,8;-;-;-;-;-;-;-;-
05.01.2024;6,5;7,6;9,1;-;-;-;-;-;-;-;-
06.01.2024;1,8;3,7;6,9;-;-;-;-;-;-;-;-
07.01.2024;-1,7;0,4;2,2;0;0;-;69;84,7;97;-;-
08.01.2024;-5;-2,1;-0,6;-;-;-8;51;66,9;81;16;52
09.01.2024;-6,3;-3,9;-0,4;7,5;0;-;53;65,9;73;-;-
10.01.2024;-6,1;-3,4;0,1;4,3;0;-10,7;52;65;78;6;19
11.01.2024;-6,1;-2,4;1,2;7,4;0;-8,7;53;78,6;94;7;24
12.01.2024;-0,6;0,8;1,9;0;0,2;-0,9;94;96,2;97;6;17
13.01.2024;1,3;2,1;3,1;0;0,1;0,7;86;92,2;95;12;31
14.01.2024;0,2;1;1,6;0;0,9;-0,2;89;92,7;95;15;39
15.01.2024;0,6;1,2;2,2;0;1,5;-0,6;89;93,1;97;15;41
16.01.2024;-2;0,4;2;5,4;0;-5,3;69;80,3;93;13;-
17.01.2024;-3,2;-1,3;0,1;-;-;-;-;-;-;-;-
18.01.2024;-2,7;-0,2;2,8;-;-;-;81;89,6;97;-;-
19.01.2024;-3,2;-0,8;1,3;-;-;-;-;-;-;-;-
20.01.2024;-5;-2;1,1;-;-;-;-;-;-;-;-
21.01.2024;-0,8;2,3;6,3;-;-;-;-;-;-;-;-
22.01.2024;6,2;9,5;12,6;-;-;-;-;-;-;-;-
23.01.2024;5,9;8,1;12,2;3,6;2,7;-;64;85,7;100;-;-
24.01.2024;8,5;11,4;13,9;0,9;0,7;6,8;61;73,1;86;23;83
25.01.2024;5,4;7,7;9,5;1,9;2;1,6;77;89,5;99;10;30
26.01.2024;3,8;8,5;11,4;2;4,9;1;61;84,5;100;14;67
27.01.2024;0,3;3,8;8,2;7,4;0;-2,8;62;80,6;93;8;28
28.01.2024;2,2;6,5;11,7;8,2;0;-1,1;47;59,9;78;18;43
29.01.2024;6,2;9,1;13,1;5,6;0;4;53;66;83;14;35
30.01.2024;7,5;9,3;12,2;0,2;1,2;5,3;69;79,8;87;14;44
31.01.2024;5,7;6,6;8,2;0;3,4;2,7;69;83,4;97;9;43
01.02.2024;3,9;6,9;9,1;-;-;-;-;-;-;-;-
02.02.2024;4,9;7,1;8,7;-;-;-;70;82,2;97;-;-
03.02.2024;8,4;9,5;10,3;0;3,9;-;95;97,1;99;-;-
04.02.2024;9,6;10,4;11,1;0;1,6;9;89;95,2;100;18;54
05.02.2024;8,4;10,1;11,2;0,9;0,8;7,8;74;79,9;88;22;63
06.02.2024;8,6;10,5;11,8;0;8,7;8,3;74;79,5;87;27;69
07.02.2024;3,2;5,2;10,8;0;3,8;-;-;-;-;-;67
08.02.2024;3,8;6,5;11,5;0;18,8;-;88;94,4;100;-;35
09.02.2024;9,6;11,1;13,2;0;7,7;8,2;77;88,3;99;12;43
10.02.2024;8,3;10,6;13,5;4,6;0,9;5,8;77;92,8;100;10;30
11.02.2024;7,5;9,2;11;0,2;0;5;74;89,7;100;10;48
12.02.2024;4,4;7,8;9,7;2,6;0,5;0,8;71;84,7;94;9;31
13.02.2024;3,3;6,9;10;7;0;0;59;79;95;10;37
14.02.2024;8,2;10,8;12,8;0;3,7;6,7;79;89,7;97;13;44
15.02.2024;11,2;13,2;16,4;2,5;0,1;10;70;83,2;97;15;35
16.02.2024;9,8;12,9;15,2;0;0;8,3;71;81,2;96;13;41
17.02.2024;9;10,2;11,9;0;0;4,8;82;88,5;94;8;22
18.02.2024;7,9;9,2;10,5;0;5,2;7,2;77;87,6;96;15;48
19.02.2024;6,9;9,3;11,3;0,1;0,6;5,4;83;90,3;97;12;43
20.02.2024;6;8,4;11,6;1,5;0;3,7;70;84,1;94;13;35
21.02.2024;8;9,3;11,8;1;14;6,7;62;78,4;97;15;39
22.02.2024;6,4;10,2;13,3;0,1;6,3;5,3;68;89,6;100;18;80
23.02.2024;5,4;7;9,7;1,4;0,7;3,9;61;72,4;89;17;56
24.02.2024;4,7;6;8,7;2,9;1;2,2;61;78,3;88;14;50
25.02.2024;5,5;6,8;10,2;2,7;3,4;1,4;62;76,6;88;11;41
26.02.2024;4,9;6,2;7,4;0;7,9;4,1;73;88,4;96;13;39
27.02.2024;1,6;5,5;8,3;5,9;0;-1,9;71;85,4;97;10;31
28.02.2024;1,1;5,2;9,6;4,6;0,1;-2,3;62;84,2;99;8;20
29.02.2024;3,9;7,8;11,7;2,7;0;1,2;54;66,8;85;15;37
01.03.2024;7,3;9;12,1;5,3;0;-;-;-;-;-;-
02.03.2024;6,8;10,9;14,5;6,5;0;-;-;-;-;-;-
03.03.2024;8,8;12,4;18,2;8,1;0;-;-;-;-;-;-
04.03.2024;7,4;8,6;10,3;0,8;0;-;-;-;-;-;-
05.03.2024;5;7,1;9,1;0,1;1,2;-;63;77,5;89;-;-
06.03.2024;3,6;7,4;11,9;5,1;0;-;-;-;-;-;-
07.03.2024;2,5;6;9,9;5,5;0;-;-;-;-;-;-
08.03.2024;0,7;6,6;12,6;10,8;0;-;-;-;-;-;-
09.03.2024;4,8;10;16;8,7;0;-;-;-;-;-;-
10.03.2024;6,8;10,5;15,4;5;10,5;-;-;-;-;-;-
11.03.2024;7,4;7,9;9,2;0;16;-;60;83,6;100;-;-
12.03.2024;6,9;8,1;10,3;0,3;3,3;-;74;84,5;97;-;30
13.03.2024;7,8;10,5;12,6;0;1,1;7,4;77;90,5;100;10;37
14.03.2024;8,2;13,1;17,5;9,6;0;4,3;57;73,8;95;11;31
15.03.2024;9,9;12,7;16,9;1,4;6,8;7;63;81,5;96;13;54
16.03.2024;5,6;9,2;10,9;0,3;0,2;1,9;56;78,3;94;11;35
17.03.2024;4,5;9,8;14,4;6,7;2,3;0,9;57;72,3;89;11;30
18.03.2024;9,3;11,2;14,8;3,2;0;5,2;67;86,8;99;8;24
19.03.2024;8,3;12,2;18;6,4;0;5,1;51;74,1;91;8;24
20.03.2024;9,1;13,6;19,5;9;0;5,7;49;70,8;86;7;22
21.03.2024;10,2;11,3;12,7;2,1;0;6,5;68;79,7;92;8;28
22.03.2024;7,3;11,3;15;1,3;10,9;6,7;67;83,3;97;11;37
23.03.2024;4,4;6,1;9,1;6,1;4,4;1,5;64;84,2;97;14;57
24.03.2024;3,9;6,6;9,2;2;3;3;70;83,4;94;20;74
25.03.2024;4;7,8;12,5;9,7;0;1,6;39;66,9;92;9;33
26.03.2024;6,5;10;15,4;5;0,8;3,9;53;60,7;80;16;39
27.03.2024;7,8;9,3;10,8;0;0,4;4,9;68;77,5;89;11;31
28.03.2024;6,2;9;13;3,8;3,2;3,6;51;72;91;15;61
29.03.2024;7,6;11,6;16,8;2,1;1,5;5,9;54;71,6;94;14;44
30.03.2024;7,8;11,8;17,1;0,2;1;4;53;81,5;98;10;50
31.03.2024;7,7;12,2;19,6;5,9;3,8;4,2;46;80,8;97;10;54
01.04.2024;9,1;10,5;13,2;0,7;7,5;6,5;69;83,8;97;10;33
02.04.2024;8,9;10,6;12,8;1,1;1,2;5,8;68;78,1;87;17;52
03.04.2024;9,4;11,1;14,7;0,5;5,4;6,8;73;87,8;97;14;59
04.04.2024;8,7;11,5;15,3;1,9;12,3;5,2;71;85,2;98;14;52
05.04.2024;10,9;14,7;18,6;2,1;0,1;8,2;68;81,4;96;14;56
06.04.2024;13;19,3;26,1;11,1;0;9,2;35;60,7;92;14;44
07.04.2024;13,3;18,5;22,4;3,5;2,1;12,3;46;59,5;93;11;43
08.04.2024;11,4;16,4;22,2;8,6;0,6;7,7;55;80;99;7;26
09.04.2024;9,9;13,3;19,3;1,8;0,4;8,3;52;70,5;90;19;-
10.04.2024;7,7;11,1;15,9;-;-;-;-;-;-;-;-
11.04.2024;7,8;12,9;16,4;-;-;-;-;-;-;-;-
12.04.2024;13,2;16,7;20,7;2,6;0;-;62;73;88;-;-
13.04.2024;11,6;18,8;25,1;11,8;0;7,5;46;72,7;97;12;-
14.04.2024;9,6;14,4;18;6,9;2,1;8,4;47;60;83;11;33
15.04.2024;3,9;8,3;13,2;3,8;5,3;-;83;91,2;97;-;-
16.04.2024;5,4;7,3;10,9;1,7;9,4;3,4;75;88,6;95;17;61
17.04.2024;3,7;5,8;10,8;3,4;4,4;-0,5;65;88,6;98;8;35
18.04.2024;4,1;8,1;12,7;6,8;4,2;0,8;49;72,3;97;10;30
19.04.2024;5,3;7,5;10,9;2,4;9,4;3,6;73;88,7;97;17;61
20.04.2024;4,7;6,7;11;3,4;3,6;2,6;60;86;95;12;48
21.04.2024;2,6;6;11,4;6,5;0,2;-2,3;41;70,7;93;12;48
22.04.2024;2,6;5;8,9;6;1,9;-1,8;58;78,3;89;9;39
23.04.2024;0,4;6,4;11,4;10,7;0,5;-3,8;42;65,5;95;8;33
24.04.2024;4,7;6,3;10,5;5,1;3,7;2,3;68;81,8;93;14;56
25.04.2024;3,8;7,4;10,2;2,4;0;1,5;51;70,6;91;14;43
26.04.2024;7,3;9,8;12,8;0,3;0,2;2,2;60;70,5;93;9;28
27.04.2024;6,6;12,9;20,1;4,2;0,2;1,7;49;73;92;12;37
28.04.2024;10,5;14,8;19,4;5,5;0;4,1;48;62,9;93;16;56
29.04.2024;8,1;14,9;20,9;10,1;0,1;2,9;43;65,5;92;11;39
30.04.2024;12,4;18,4;25,6;10,2;0;9,4;41;65,3;88;6;20
01.05.2024;13;19,1;28,3;9,3;0,2;8,3;47;70,5;91;8;48
02.05.2024;13;17,2;26,2;8,5;28,5;8,2;52;82,7;99;8;44
03.05.2024;9;11,5;13,8;1;2,3;3,9;72;91,3;99;13;41
04.05.2024;7,8;12,3;19;5,6;0;2,6;51;83,6;100;9;35
05.05.2024;9,8;13,2;17,8;3,8;0;6,3;60;79,2;100;10;33
06.05.2024;12,4;14,4;17,7;0;10,3;10,8;70;85,3;100;5;19
07.05.2024;11,8;14,8;19;-;-;8;62;83,9;100;7;24
08.05.2024;10,1;13,5;18;5,8;0;-;-;-;-;-;-
09.05.2024;8,6;15,3;21,2;12,2;0;-;-;-;-;-;-
10.05.2024;9,8;16,4;23;11,6;0;-;-;-;-;-;-
11.05.2024;11,3;18,5;24,7;-;-;-;58;78,1;96;-;-
12.05.2024;12,2;20,1;26,6;14;0;-;-;-;-;-;-
13.05.2024;14,8;20,2;25,4;-;-;9;44;63,4;79;10;33
14.05.2024;15,6;21,8;28,1;13,1;0;-;45;70,1;83;-;-
15.05.2024;14,5;17,7;22,5;6;2,1;9,8;52;80,7;96;7;30
16.05.2024;12,6;16,4;22,3;5,7;8,4;8,6;57;89,2;100;7;41
17.05.2024;12,7;15,9;19,6;0,3;0;8,6;71;86,4;100;8;31
18.05.2024;12;16,6;22,5;5;1,2;7,7;50;78;100;7;39
19.05.2024;13,2;15,3;19;2;0;9,7;72;85,4;98;8;26
20.05.2024;12,8;16,8;22,4;6;0;8,8;54;79,1;96;5;20
21.05.2024;12,2;16,3;23,1;5,8;16,7;8,1;60;87,8;100;7;44
22.05.2024;13,5;16,4;20,3;4,8;0,4;8,6;59;80,2;100;14;43
23.05.2024;11,2;16,5;22,1;9,8;0,3;7,1;53;72,8;94;8;30
24.05.2024;13,9;15,2;18,2;0,7;9,9;10,8;82;93;98;7;30
25.05.2024;12,2;15,0;19,8;4,2;0,5;8,6;64;87,8;99;9;30
26.05.2024;11,1;16,9;24,6;8,1;1,4;7,5;49;79,2;99;10;44
27.05.2024;11,5;15,4;21,1;4,0;2,8;9,9;57;82,2;98;8;50
28.05.2024;10,5;14,4;20,4;7,4;8,1;8,1;54;82,3;97;11;30
29.05.2024;12,6;15,5;19,2;3,8;3,7;9,1;71;89,6;100;10;41
30.05.2024;12,2;15,4;19,6;5,2;0,0;8,6;62;80,9;100;8;41
31.05.2024;11,7;15,8;20,9;4,3;0;7,7;57;78,3;92;9;28
01.06.2024;14,1;16,7;20,8;1;9,4;13,4;77;89,4;96;9;35
02.06.2024;11,7;15,2;19,5;2,5;0;7,9;61;77,8;93;11;30
03.06.2024;9,6;13,6;17,5;0,6;0,1;6,2;63;73,8;94;6;22
04.06.2024;13,6;17,5;22,4;6,7;0,8;12,6;50;68;91;9;33
05.06.2024;10,4;15,2;19,5;2;0,2;6,9;49;69,8;93;11;41
06.06.2024;9,6;15,1;20,6;8;0;6,8;40;61,1;83;9;37
07.06.2024;10,5;16,5;22,4;13,6;0;7,3;38;60,1;89;7;28
08.06.2024;10,4;16,5;22,3;12,4;0;7,3;41;63,5;88;12;41
09.06.2024;9,5;15,4;21,5;15,2;0;5,9;36;61,2;95;10;39
10.06.2024;10,1;11,9;15,6;1,6;4,9;7;63;79,3;94;15;70
11.06.2024;9,8;13,2;18,3;8,9;0,1;7,5;47;67,4;89;13;59
12.06.2024;9,4;12,9;17,7;4;0;7,4;53;68,8;89;10;33
13.06.2024;8,4;15,3;21,1;10,5;0,3;5;41;58,8;85;9;30
14.06.2024;13,5;16,5;19,6;0,9;5;11,6;61;73,7;96;12;39
15.06.2024;12,5;16,3;20,7;5,2;0,3;11,4;43;67,2;96;19;59
16.06.2024;13,8;15,9;19,1;2,5;3,4;12,8;62;77,2;96;12;48
17.06.2024;13,1;17,3;22,2;6,9;0,6;10,5;58;82;100;8;26
18.06.2024;14,3;17,4;23,8;1,8;15,5;10,8;65;91,2;99;9;33
19.06.2024;13,8;17,3;22,8;7,5;0;10;49;77,8;99;10;28
20.06.2024;11,8;17,6;22,6;4,8;3,8;8,4;58;78,9;94;9;33
21.06.2024;12,2;17,4;20,9;0,1;5,8;9,4;83;92,8;98;8;41
22.06.2024;11,4;16,9;23;9;0;7,8;53;78,3;100;10;31
23.06.2024;12,6;19;25,3;12,6;0;9,3;48;73,2;99;7;24
24.06.2024;14,1;21,5;27,9;13,6;0;10,6;45;64,7;94;8;30
25.06.2024;15,5;23,5;30;15,8;0;11,8;43;60,5;91;9;37
26.06.2024;16,4;24,4;31,5;14,4;0;12,7;38;60,7;87;6;20
27.06.2024;19,3;25,4;31,2;12,6;0;15,4;41;62,8;89;9;33
28.06.2024;15,9;20,1;24,8;12,2;0;11,1;41;60,7;79;13;35
29.06.2024;13,7;21,3;27,9;12;19,2;10;36;60,6;93;9;46
30.06.2024;15,7;18,3;22,8;1,8;2,5;15,4;61;83,8;98;9;28
01.07.2024;13,9;17;21,1;-;-;12,8;53;69,8;96;12;-
02.07.2024;13,9;15,4;17,3;0;5,2;11,8;69;80,6;97;10;-
03.07.2024;11,9;13,8;15,6;2,2;5,8;8,7;71;85,2;96;9;31
04.07.2024;12,7;16,7;21,3;6,6;2,9;9,5;46;72,7;96;13;48
05.07.2024;13,7;15,8;18,2;0,9;0,5;11,7;62;78,2;93;14;41
06.07.2024;14,2;18,7;23,5;6,2;0,4;11,5;41;65,9;93;18;56
07.07.2024;10,8;16,9;22;10,5;0;7,1;43;59,5;81;14;39
08.07.2024;13,5;19,0;24,3;7,0;0,0;9,6;45,0;63,1;84;7;28
09.07.2024;16,0;23,6;32,1;13,6;7,1;11,8;40,0;63,2;98;12;61
10.07.2024;18,0;21,7;27,4;6,7;0,2;14,7;58,0;77,5;99;10;33
11.07.2024;16,9;21,1;25,6;11,9;2,2;14,3;47,0;63,4;90;10;33
12.07.2024;13,9;16,2;18,7;0,1;12,8;12,6;70,0;85,7;97;11;50
13.07.2024;12,7;15,9;20,6;3,6;0,2;9,4;56,0;76,2;91;15;37
14.07.2024;12,2;18,2;24,8;10,8;0,0;8,2;46,0;70,0;96;10;39
15.07.2024;13,2;20,9;28,1;12,0;3,9;9,2;41,0;67,5;97;9;50
16.07.2024;16,0;18,9;24,2;6,7;3,9;13,6;53,0;80,5;100;16;52
17.07.2024;16,1;19,7;24,8;6,0;0,0;12,4;56,0;73,2;89;10;30
18.07.2024;14,8;21,8;28,2;11,5;0,0;10,9;43,0;67,6;96;7;24
19.07.2024;17,9;23,4;29,1;9,3;0,0;13,4;43,0;61,9;83;8;24
20.07.2024;17,6;24,2;32,5;12,1;7,5;13,4;39,0;69,1;97;8;50
21.07.2024;18,9;22,3;26,3;6,2;0,0;16,5;69,0;82,1;98;11;33
22.07.2024;17,3;20,8;25,9;10,0;0,0;13,8;48,0;68,7;86;10;30
23.07.2024;16,6;20,3;25,3;5,1;1,6;14,7;54,0;76,0;93;13;44
24.07.2024;15,1;19,0;23,8;7,4;0,1;10,8;48,0;71,4;89;9;30
25.07.2024;13,9;20,2;26,3;6,2;6,3;10;46;66,5;88;6;26
26.07.2024;17,6;20,9;25;2,5;0,1;17,2;59;78,1;99;9;30
27.07.2024;16,4;19,3;22,5;0,1;1,6;12,4;76;86,6;96;7;26
28.07.2024;15,3;19,5;25,1;10,1;0;11,3;42;68,9;96;9;28
29.07.2024;14;21,5;28,1;14,8;0;9,8;41;62,9;92;8;28
30.07.2024;17,8;24,6;32;14,4;0;12,9;30;55,5;76;8;22
31.07.2024;18,6;21,6;25,6;3;1,3;14,4;69;81;95;4;19
01.08.2024;18,1;20,1;22,9;0,6;12,3;16,4;81;92,4;98;7;22
02.08.2024;17;20,4;25,9;7,7;0;15;56;81,5;99;6;19
03.08.2024;16,5;20,4;24,6;5,5;1,5;14,7;66;81,1;96;9;31
04.08.2024;16,9;18,9;21,3;0,9;0;15,3;55;76,4;96;8;26
05.08.2024;15,6;21;27,2;11,3;0;13,9;48;69,7;89;8;28
06.08.2024;16,9;23,5;30,2;13,3;0;15;43;65,7;87;8;26
07.08.2024;18,1;20,7;23,6;3,6;0;16,1;60;78;90;8;33
08.08.2024;17,6;20,6;25,3;8,1;0;16,4;47;64,2;79;9;30
09.08.2024;16,8;21,8;24,8;2,4;0,3;14,1;64;71,8;89;12;46
10.08.2024;15,9;20,9;26,9;10,7;0;13,8;45;68,2;89;10;37
11.08.2024;17,6;23;28,7;11,3;0;15,5;42;63,3;87;7;26
12.08.2024;17;25,6;33,8;14;0;14,5;46;65,2;83;7;24
13.08.2024;20;26,6;35,6;10,6;6,9;18,9;42;72,1;98;10;46
14.08.2024;17,9;21;24,7;1;0,3;15,7;79;88,3;98;8;26
15.08.2024;17,3;22,2;28,1;10,2;0;14,8;54;74,5;96;10;33
16.08.2024;17,9;22;25,4;4;4,1;15,4;59;72,9;87;10;33
17.08.2024;18,6;21,3;25,2;6,3;24,8;18,2;61;81,8;100;8;26
18.08.2024;15,3;19,2;23,4;7;0;15,1;55;77,9;100;8;26
19.08.2024;13,6;18,7;23,4;12;0;11,4;51;70,4;95;6;20
20.08.2024;15,7;20,7;27,1;10,1;0,8;13,3;51;70,1;87;11;44
21.08.2024;14,4;17,6;21,1;7,3;0,0;11,3;49;67,1;90;13;37
22.08.2024;13,0;19,3;25,6;10,9;0,0;10,3;46;63,6;88;13;39
23.08.2024;16,9;20,6;25,3;5,7;2,5;13,6;59;71,5;96;16;56
24.08.2024;16,9;22,6;31,7;9,2;9,7;16,0;42;77,5;100;14;59
25.08.2024;13,5;17,3;21,6;9,6;0,0;10,4;48;70,9;94;14;41
26.08.2024;12,0;17,4;23,2;11,9;0,0;9,3;46;69,4;91;7;30
27.08.2024;13,1;19,3;26,3;13,0;0,0;10,3;41;66,1;88;7;28
28.08.2024;15,2;22,5;30,4;13,0;0,0;12,1;45;65,3;86;9;35
29.08.2024;19,3;23,7;29,9;9,8;0,9;16,0;49;68,8;84;11;31
30.08.2024;17,2;19,2;22,1;3,5;0,0;15,8;66;78,3;95;12;33
31.08.2024;15,9;20,7;26,1;12,0;0,0;14,1;57;71,2;83;13;39
01.09.2024;16,5;24;32,1;-;-;-;-;-;-;-;-
02.09.2024;19,1;23,2;30,8;-;-;-;-;-;-;-;-
03.09.2024;18,3;21,8;27,7;5,8;3,1;-;-;-;-;-;-
04.09.2024;17,1;18,4;19,5;0;5,6;16,3;83;91,9;96;7;20
05.09.2024;17,2;22,4;29,1;8;0;16,9;56;76,9;98;13;43
06.09.2024;18,4;21,2;24,2;4,4;0;15,3;71;81,4;94;8;22
07.09.2024;15,8;21,6;28,9;7,7;0;13,3;47;74;96;8;30
08.09.2024;15;20,5;24,9;5,6;1,4;12,1;46;67;87;10;30
09.09.2024;14,4;16,4;19,9;1,2;9,6;11,9;75;86,8;98;9;37
10.09.2024;13,6;15,5;18,5;2,3;10,1;12;62;78,2;96;18;52
11.09.2024;8,2;11,9;15,8;5,4;3,4;5,9;64;83,8;98;14;61
12.09.2024;7,8;11,2;16,1;4,7;0;5,6;54;77,5;92;9;30
13.09.2024;7,1;12;17,1;8,5;1;4,3;55;79,4;100;9;37
14.09.2024;6,9;11,6;17,2;9,2;0;3,8;46;74;95;8;30
15.09.2024;7;13,2;18,9;8;0;3,9;55;78,5;96;6;22
16.09.2024;14,4;17;21,1;6,5;0;13,8;55;75,2;87;10;35
17.09.2024;14,8;16,3;18,7;5;0;12;73;83,8;93;15;48
18.09.2024;14,1;18;22,9;10,1;0;11;63;81,4;96;15;48
19.09.2024;14,6;18,2;23,1;11,4;0;11,8;64;79,5;91;15;46
20.09.2024;12,4;18,1;24,3;11,5;0;8,9;45;71,7;94;9;33
21.09.2024;12,4;17,6;24,9;11,6;0;8,8;46;76;96;6;22
22.09.2024;12,8;17,8;24,6;9,1;0;9,4;48;76,2;96;6;19
23.09.2024;13;17,8;21,5;4;0,1;9,2;52;75,5;90;9;30
24.09.2024;12,8;15,6;20,7;2,2;1,9;9,2;59;83,9;96;11;48
25.09.2024;14;14,9;17,4;0,3;21,2;12;81;93,6;100;11;31
26.09.2024;13,3;15,4;18,7;1;9,9;10,9;76;93,3;100;15;48
27.09.2024;10,4;13,7;17,4;3,9;2,7;9;52;76,6;96;21;63
28.09.2024;7,5;10,9;15,4;5,4;1,5;4,1;56;83,5;97;10;41
29.09.2024;5,9;9,8;14,3;6,4;0;2,5;59;83,1;100;9;26
30.09.2024;9,4;12,4;14,7;1,8;3,3;7;70;83,5;98;16;44
01.10.2024;9,9;13,1;15,1;0;1,7;-;-;-;-;-;-
02.10.2024;8;11;12,7;0;2,2;4,7;80;93,7;99;7;33
03.10.2024;6,7;10,1;13,8;5,5;0;3,8;65;82,7;97;9;37
04.10.2024;6,1;9,9;15,2;8,2;0;2,1;60;84;99;8;30
05.10.2024;4,6;9,6;16;11;0;0,5;54;82,8;100;6;20
06.10.2024;6,4;11,1;15,7;9;0,1;2,1;61;79,6;95;15;48
07.10.2024;12,1;15,7;19,7;4;1;9,5;62;82,3;93;12;35
08.10.2024;13,2;16,4;19,2;1,6;1,9;9,5;63;83,4;98;12;33
09.10.2024;13,2;14,3;15,5;0;31,4;-;-;-;-;-;41
10.10.2024;9,7;12,7;15,8;2,6;1,8;-;69;91,4;100;-;39
11.10.2024;6,3;9,5;13,8;9,8;0;-;-;-;-;-;20
12.10.2024;5,5;9,4;12,6;1,7;3,3;-;60;84,6;96;-;41
13.10.2024;6,7;9,8;12,3;3;0;-;68;81,6;96;-;67
14.10.2024;6;8,3;11;0;3,3;-;80;94,9;100;-;24
15.10.2024;5,4;9,8;13,6;7,5;0;1,9;79;90,4;100;11;37
16.10.2024;11,3;15,6;20,2;4,9;0,8;9,4;67;79,5;90;21;52
17.10.2024;13,9;16,6;20,6;0,6;0;10,1;74;87,6;99;11;37
18.10.2024;11,6;15,2;19,2;6,2;1,9;8,3;77;93,5;100;5;15
19.10.2024;12;14,5;17,1;2,6;2;8,5;77;91,8;100;10;30
20.10.2024;11,3;14,6;18;3;2,4;7,5;72;84,8;95;14;44
21.10.2024;12,8;14,2;16,9;0;4,6;10,5;88;97;100;7;30
22.10.2024;8,1;11,6;15;6;0;3,9;72;91,8;100;9;39
23.10.2024;7,2;10,3;15,7;7,7;0;2,8;69;92,2;100;6;19
24.10.2024;5,9;10,9;14,6;0,7;0,5;1,3;79;89,4;100;13;37
25.10.2024;10,8;14,3;18,6;6,7;0;8;76;88,7;97;14;35
26.10.2024;11,3;14,1;20;8,6;0;7,2;64;86,2;99;11;35
27.10.2024;12,2;13,5;15,9;0,2;0,2;8,1;85;93,5;100;6;31
28.10.2024;13,2;14,8;17;1,5;3,5;9,4;71;85,4;98;10;35
29.10.2024;12,2;13,2;15,1;0;2,5;10,1;85;95,6;100;8;26
30.10.2024;12,1;12,9;14,1;0;0;11,2;89;96,1;100;5;17
31.10.2024;8,7;12,2;15,3;1,8;0;4,7;71;91,1;99;5;17
01.11.2024;7,9;9,7;10,9;0;0,3;3,6;92;97,4;100;7;22
02.11.2024;5,2;10,1;12,2;0;0,1;0,6;81;92,6;100;8;26
03.11.2024;4,2;7,6;13,6;9,1;0;-0,3;71;92,1;100;6;20
04.11.2024;4,2;8;15;9;0;-0,2;63;89,3;100;6;22
05.11.2024;4,7;6,7;10,3;8,4;0,1;0;74;84,4;93;12;41
06.11.2024;5,2;6,9;8,2;0;0,1;4,8;94;97,3;100;6;19
07.11.2024;5,3;6,4;7,4;0;0;5,7;85;93,2;98;6;22
08.11.2024;5,7;6,2;7,4;0;0;5,2;78;83,3;86;9;28
09.11.2024;7,3;8,4;9,4;0;0;6,9;84;87;90;6;22
10.11.2024;7,8;8,9;9,9;0;0;7,6;88;93,2;98;6;20
11.11.2024;8,3;9,8;12,5;2,5;5,7;7,8;67;89,3;99;11;37
12.11.2024;6,8;8,4;10,6;-;-;3,5;80;89,9;99;12;-
13.11.2024;5;7,3;9;-;-;-;-;-;-;-;-
14.11.2024;8,4;9,4;10,9;-;-;-;-;-;-;-;-
15.11.2024;7,7;8,5;9,8;0;0,1;-;71;87,7;97;-;-
16.11.2024;6,9;7,6;8,4;0;2;6,5;71;76,7;84;12;37
17.11.2024;4,2;7,6;9,7;2;8,5;2,5;58;83;97;17;48
18.11.2024;4;6;8,6;5,3;10;1,8;69;86,2;97;9;26
19.11.2024;2,4;6,3;11,5;0;17,1;-;-;-;-;-;-
20.11.2024;0,4;2,2;3,6;0;6,4;-0,3;87;95,8;100;14;50
21.11.2024;-0,2;1,3;2,9;0,8;0;-3,5;69;85,9;99;12;37
22.11.2024;0;2,2;4,4;1,9;1,2;-2,3;78;87,8;95;18;56
23.11.2024;0,4;3,9;8,1;0;4,4;-2,6;63;83,7;97;17;50
24.11.2024;7,7;13,1;17,6;2,2;0;6;58;71,2;93;17;48
25.11.2024;9,2;13,4;17,5;0;3,2;6,5;58;74;96;16;52
26.11.2024;7,1;9,2;12;4,6;1,4;3;66;83,8;93;11;33
27.11.2024;6,8;8,9;12,4;0;2,2;4;76;86,5;95;17;76
28.11.2024;5,8;7,3;9,6;4,8;0;3,2;71;82,9;90;12;44
29.11.2024;2,6;5,1;8,4;5,3;0;-2,2;67;84,8;99;10;33
30.11.2024;2,3;4,3;8;7,3;0;-0,8;61;75,2;83;17;39
01.12.2024;2,0;4,0;7,8;7,0;0,0;-0,6;58,3;76,2;91,1;18,6;42,8
02.12.2024;4,9;8,3;11,8;0,7;0,8;4,3;82,8;88,9;96,3;14,0;42,1
03.12.2024;3,9;6,3;8,0;0,7;0,6;1,4;77,2;87,4;97,4;11,0;32,8
04.12.2024;3,1;4,7;5,8;0,2;0,0;-0,5;79,8;86,1;92,3;7,3;20,9
05.12.2024;4,0;4,9;6,3;0,1;12,7;2,0;79,1;91,2;98,5;19,2;51,5
06.12.2024;5,0;7,5;8,8;0,0;8,2;2,2;76,8;85,5;99,6;20,2;70,6
07.12.2024;5,4;7,3;10,8;0,8;5,5;4,3;69,8;85,2;97,1;16,7;56,5
08.12.2024;4,7;6,2;8,7;0,3;2,2;1,8;71,5;87,8;96,7;12,2;36,7
09.12.2024;4,8;5,4;6,1;0,0;;3,3;77,5;87,5;95,5;14,8;56,5
10.12.2024;4,6;5,3;5,7;0,0;0,0;4,1;81,0;86,5;95,3;14,2;43,9
11.12.2024;2,3;3,3;4,6;0,0;0,0;2,0;82,6;86,8;90,1;9,4;31,3
12.12.2024;1,9;2,6;3,3;0,0;0,0;1,6;82,8;86,9;90,4;6,1;18,4
13.12.2024;0,3;1,3;2,2;0,0;0,0;-1,9;81,6;83,7;87,3;11,3;30,6
14.12.2024;1,0;2,9;5,0;0,0;0,4;0,7;83,3;90,0;97,8;13,3;36,7
15.12.2024;3,6;6,6;9,2;0,0;0,5;1,9;86,7;94,1;98,8;16,2;42,8
16.12.2024;9,1;9,8;10,5;0,0;2,4;8,0;90,4;96,3;99,1;15,4;43,9
17.12.2024;7,1;8,4;9,1;0,0;0,0;5,7;81,5;88,1;92,7;13,2;41,0
18.12.2024;6,8;10,3;12,9;0,0;0,4;5,2;76,3;81,2;89,3;17,3;56,5
19.12.2024;4,3;8,7;13,9;0,0;13,4;2,5;81,2;90,5;95,1;18,1;64,4
20.12.2024;3,7;4,7;6,0;1,5;0,8;1,6;81,8;87,2;92,7;12,9;38,2
21.12.2024;5,3;7,5;9,6;0,0;5,3;4,6;80,8;91,7;97,2;17,5;55,4
22.12.2024;2,6;4,8;9,0;0,3;6,2;0,3;83,0;90,4;96,0;15,2;54,7
23.12.2024;2,6;4,6;7,7;3,2;2,7;1,2;73,7;89,2;99,0;12,1;42,8
24.12.2024;2,7;4,5;5,7;0,0;2,6;-0,1;86,7;95,2;100,0;9,6;24,8
25.12.2024;5,2;6,5;7,6;0,0;0,6;5,0;97,8;99,6;100,0;9,5;23,8
26.12.2024;2,2;5,5;7,8;4,9;0,0;-1,9;80,8;94,3;99,5;8,1;23,8
27.12.2024;0,1;2,7;8,3;7,3;0,0;-4,6;59,9;89,8;100,0;4,7;18,4
28.12.2024;-1,0;1,2;5,6;7,3;0,0;-5,6;68,8;89,1;98,4;5,8;22,3
29.12.2024;-0,8;0,9;2,0;0,0;0,0;-5,2;93,1;98,8;100,0;8,7;23,4
30.12.2024;1,1;2,0;3,3;0,0;0,0;0,8;94,7;97,7;99,9;11,1;29,5
31.12.2024;0,1;1,8;4,5;0,0;0,0;-0,1;81,6;88,0;96,5;12,1;38,2
